INSERT INTO Osoby (PESEL, Imie, Nazwisko, Data_urodzenia)
VALUES
    ('00123456789', 'Karolina', 'Adamczyk', '1981-07-27'),
    ('01123456789', 'Daniel', 'Kubiak', '1982-04-14'),
    ('02123456789', 'Patrycja', 'Kowalczyk', '1983-01-21'),
    ('03123456789', '£ukasz', 'Mazur', '1984-11-14'),
    ('04123456789', 'Ewa', 'Witkowska', '1985-08-17'),
    ('05123456789', 'Robert', 'Nowicki', '1987-03-02'),
    ('06123456789', 'Natalia', 'Dudek', '1987-09-09'),
    ('07123456789', 'Krzysztof', 'JóŸwiak', '1988-06-26'),
    ('08123456789', 'Sylwia', 'Klimek', '1989-07-03'),
    ('09123456789', 'Rafa³', 'Sikora', '1989-12-18'),
    ('10123456789', 'Magdalena', 'Baran', '1990-10-10'),
    ('11123456789', 'Bartosz', 'Czajkowski', '1991-07-07'),
    ('12123456789', 'Anna', 'Sobolewska', '1992-04-14'),
    ('13123456789', 'Dawid', 'W³odarczyk', '1993-02-21'),
    ('14123456789', 'Karolina', 'Olejniczak', '1994-09-15'),
    ('15123456789', 'Pawe³', 'Kubiak', '1996-08-27'),
    ('16123456789', 'Joanna', 'Lis', '1997-03-04'),
    ('17123456789', 'Marcin', 'Szymañski', '1999-06-12'),
    ('18123456789', 'Monika', 'Wójcik', '2000-03-08'),
    ('19123456789', 'Grzegorz', 'Kaczmarek', '2001-09-20'),
    ('20123456789', 'Piotr', 'Przymus', '2003-05-15'),
    ('21123456789', 'Tomasz', 'Pawlak', '1996-10-03'),
    ('22123456789', 'Aleksandra', 'Jankowska', '1991-04-18'),
    ('23123456789', 'Micha³', 'Zieliñski', '1987-09-25'),
    ('24123456789', 'Aleksandra', 'Kowalczyk', '1992-02-10'),
    ('25123456789', 'Jan', 'Nowak', '1985-08-22'),
    ('26123456789', 'Marta', 'Wiœniewska', '1992-02-10'),
    ('27123456789', 'Piotr', 'D¹browski', '1988-11-30'),
    ('28123456789', 'Katarzyna', 'Lewandowska', '1995-07-07'),
    ('29123456789', 'Marta', 'Nowakowska', '1990-05-15'),
    ('30123456789', 'Wojciech', 'JóŸwiak', '1985-11-14'),
    ('31123456789', 'Alicja', 'Wojciechowska', '1993-06-12'),
    ('32123456789', 'Kamil', 'Sikora', '1986-04-14'),
    ('33123456789', 'Oliwia', 'Mazurek', '1991-01-21'),
    ('34123456789', '£ukasz', 'Lis', '1996-10-10'),
    ('35123456789', 'Dominika', 'Baran', '1987-03-02'),
    ('36123456789', 'Maciej', 'Kowalczyk', '1994-09-09'),
    ('37123456789', 'Izabela', 'Mazur', '1989-12-05'),
    ('38123456789', 'Mateusz', 'Witkowski', '1990-08-17'),
    ('39123456789', 'Anna', 'Nowicka', '1987-03-04'),
    ('40123456789', 'Karol', 'Kowal', '1995-05-03'),
    ('41123456789', 'Kamila', 'Szymañska', '1988-06-26'),
    ('42123456789', 'Pawe³', 'Nowakowski', '1993-02-21'),
    ('43123456789', 'Katarzyna', 'Dudek', '1985-09-15'),
    ('44123456789', 'Miko³aj', 'Klimek', '1990-08-27'),
    ('45123456789', 'Kinga', 'Sikora', '1986-03-08'),
    ('46123456789', 'Hubert', 'Baran', '1991-04-18'),
    ('47123456789', 'Natalia', 'Czajkowska', '1994-09-20'),
    ('48123456789', 'Bart³omiej', 'Sobolewski', '1989-12-05'),
    ('49123456789', 'Justyna', 'Olejniczak', '1996-10-03'),
	('50123456789', 'Wioletta', 'Kowalik', '1988-06-26'),
    ('51123456789', 'Artur', 'Kowalski', '1993-02-21'),
    ('52123456789', 'Nadia', 'Nowak', '1985-09-15'),
    ('53123456789', 'B³a¿ej', 'Nowakowski', '1990-08-27'),
    ('54123456789', 'Dorota', 'Kowalczyk', '1991-04-18'),
    ('55123456789', 'Grzegorz', 'Mazurek', '1996-10-10'),
    ('56123456789', 'Aleksandra', 'Lis', '1987-03-02'),
    ('57123456789', 'Piotr', 'Szymañski', '1994-09-09'),
    ('58123456789', 'Klaudia', 'Mazur', '1989-12-05'),
    ('59123456789', 'Janusz', 'Kowal', '1990-08-17');

INSERT INTO Bloki (ID_Bloku, Data_ostatniego_remontu)
VALUES
    ('AA', '2003-05-15'),
    ('AB', '2021-08-22'),
    ('AC', '2023-03-10'),
    ('BA', '2020-12-05'),
    ('BB', '2021-05-20'),
    ('BC', '2022-09-18'),
    ('CA', '2023-11-30'),
    ('CB', '2020-06-15'),
    ('CC', '2022-04-12'),
    ('DA', '2021-02-28'),
    ('DB', '2020-10-25'),
    ('DC', '2023-07-08'),
    ('EA', '2021-12-03'),
    ('EB', '2022-06-17'),
    ('EC', '2023-02-14'),
    ('FA', '2020-09-09'),
    ('FB', '2021-07-22'),
    ('FC', '2022-05-01'),
    ('GA', '2020-04-18'),
    ('GB', '2023-09-26');

INSERT INTO Wiezniowie (PESEL, Ksywa, Zainteresowania)
VALUES
    ('00123456789', 'Szybka', 'Bieganie, Ksi¹¿ki'),
    ('01123456789', '£ysy', 'Rysowanie, Gry planszowe'),
    ('02123456789', 'Blondyna', 'Muzyka, Podró¿e'),
    ('03123456789', 'Szalony', 'Film, Gry komputerowe'),
    ('04123456789', 'Gburek', 'Sport, Fotografia'),
    ('05123456789', 'Cichy', 'Gry wideo, Ksi¹¿ki fantasy'),
    ('06123456789', 'Maruda', 'Podró¿e, Gotowanie'),
    ('07123456789', 'Szybki', 'Sztuki walki, Gry planszowe'),
    ('08123456789', '£ysa', 'Muzyka klasyczna, Historia'),
    ('09123456789', 'Rebeliant', 'Historia, Gry komputerowe'),
    ('10123456789', 'Magda', 'Sztuki walki, Ksi¹¿ki'),
    ('11123456789', 'Bart', 'Podró¿e, Sztuki walki'),
    ('12123456789', 'Anka', 'Gry planszowe, Gotowanie'),
    ('13123456789', '£ysy', 'Film, Gry komputerowe'),
    ('14123456789', 'Szalona', 'Podró¿e, Gry planszowe'),
    ('15123456789', '£ysy', 'Sztuki walki, Ksi¹¿ki'),
    ('16123456789', 'Joasia', 'Podró¿e, Gry planszowe'),
    ('17123456789', 'Ziomal', 'Film, Gry wideo'),
    ('18123456789', 'Monia', 'Podró¿e, Fotografia'),
    ('19123456789', '£ysy', 'Gry planszowe, Sztuki walki');

INSERT INTO Pracownicy (PESEL, Email, Telefon, Miasto, Ulica, Stanowisko, PESEL_szefa, ID_Bloku)
VALUES
    ('40123456789', 'kowalswojegolosu@gmail.com', '444555000', 'Tychy', 'Œw. Jacka 16', 'dyrektor', NULL, 'AA'),
    ('41123456789', 'kamikotek@gmail.com', '111222333', 'Gdynia', 'Œwiêtojañska 8', 'kierownik', '40123456789', 'AA'),
    ('42123456789', 'pawel.nowakowski123@o2.pl', '444555666', 'Poznañ', 'Wielkopolska 12', 'stra¿nik', '41123456789', 'AA'),
    ('43123456789', 'duchowastraz@gmail.com', '777888999', 'Kraków', 'Zakopiañska 5', 'stra¿nik', '42123456789', 'AA'),
    ('44123456789', 'klamkotronic@gmail.com', '123123234', 'Warszawa', 'Marsza³kowska 30', 'ksiêgowoœæ', '42123456789', 'AA'),

    ('45123456789', 'krolowa.sikora@o2.pl', '456456345', 'Gdañsk', 'D³uga 15', 'kierownik', '40123456789', 'AB'),
    ('46123456789', 'imperatorbaran@gmail.com', '789789456', 'Katowice', 'Mariacka 8', 'stra¿nik', '45123456789', 'AB'),
    ('47123456789', 'czarownicaczajko@gmail.com', '321321567', 'Wroc³aw', 'Rynek 10', 'stra¿nik', '45123456789', 'AB'),
    ('48123456789', 'barteksobolewski333@o2.pl', '654654678', 'Lublin', 'Krakowskie Przedmieœcie 5', 'stra¿nik', '45123456789', 'AB'),
    ('49123456789', 'magicznajustyna@gmail.com', '987987789', 'Bydgoszcz', 'Wojska Polskiego 20', 'ksiêgowoœæ', '45123456789', 'AB'),

    ('50123456789', 'wiolettaczarodziejka987@o2.pl', '111222000', 'Szczecin', 'Zbo¿owa 3', 'kierownik', '40123456789', 'BB'),
    ('51123456789', 'artur.kowalski@gmail.com', '444555111', '£ódŸ', 'Piotrkowska 18', 'stra¿nik', '50123456789', 'BB'),
    ('52123456789', 'muzinadia456@o2.pl', '777888222', 'Kraków', 'Wawelska 5', 'stra¿nik', '50123456789', 'BB'),
    ('53123456789', 'blazej.nowakowski@gmail.com', '123123345', 'Gdynia', 'G³ówna 20', 'stra¿nik', '50123456789', 'BB'),
    ('54123456789', 'art.dorota@o2.pl', '456456456', 'Poznañ', 'Lecha 15', 'ksiêgowoœæ', '50123456789', 'BB'),

    ('55123456789', 'greg.mazurek@gmail.com', '789789567', 'Warszawa', 'Krakowska 8', 'kierownik', '40123456789', 'CC'),
    ('56123456789', 'ola999@o2.pl', '321321678', 'Katowice', 'Miko³owska 30', 'stra¿nik', '55123456789', 'CC'),
    ('57123456789', 'piotrszymanski365@gmail.com', '654654789', 'Gdañsk', 'S³owackiego 15', 'stra¿nik', '55123456789', 'CC'),
    ('58123456789', 'klaudiamazur@o2.pl', '987987890', 'Wroc³aw', 'Koœciuszki 10', 'stra¿nik', '55123456789', 'CC'),
    ('59123456789', 'januszexkowal@gmail.com', '111222111', 'Lublin', 'Królewska 5', 'ksiêgowoœæ', '55123456789', 'CC');

INSERT INTO Cele (Numer_celi, ID_Bloku, Ilosc_lozek, Metraz, Media)
VALUES
    (101, 'AA', 2, 8, 1),
    (102, 'AA', 3, 8, 0),
    (103, 'AA', 2, 7, 1),
    (104, 'AA', 3, 9, 1),
    (105, 'AA', 4, 12, 1),
	(106, 'AA', 3, 10, 1),
    (201, 'AB', 3, 7, 1),
    (202, 'AB', 3, 8, 0),
    (203, 'AB', 4, 10, 1),
    (204, 'BB', 4, 9, 1),
    (205, 'BB', 3, 7, 0),
    (206, 'BB', 5, 11, 1),
    (301, 'BB', 2, 5, 0),
    (302, 'CC', 5, 12, 1),
    (303, 'CC', 3, 7, 1),
    (304, 'CC', 4, 13, 0),
    (305, 'CC', 3, 8, 1),
    (306, 'CC', 2, 6, 0),
    (307, 'CC', 3, 9, 1),
    (399, 'CC', 3, 10, 1);

INSERT INTO Pobyty (ID_Pobytu, Data_rozpoczecia, Data_zakonczenia, Data_mozliwosci_ub_o_zwol_war, Wspolpracuje, Inne_uwagi, PESEL, Numer_celi)
VALUES
    (1, '2021-01-15', '2024-01-15', NULL, 1, 'Bierze aktywny udzia³ w zajêciach sportowych.', '00123456789', 101),
    (2, '2021-02-22', '2026-02-22', NULL, 0, NULL, '01123456789', 102),
    (3, '2021-03-10', '2023-03-10', '2022-10-01', 1, 'Dobrze wspó³pracuje z innymi wiêŸniami.', '02123456789', 103),
    (4, '2021-12-05', '2022-12-05', NULL, 0, NULL, '03123456789', 104),
    (5, '2022-05-20', '2024-05-20', NULL, 0, 'Agresywny.', '04123456789', 105),
    (6, '2022-05-24', '2027-05-24', NULL, 0, NULL, '05123456789', 105),
    (7, '2022-05-30', '2031-05-30', '2027-04-01', 1, NULL, '06123456789', 201),
    (8, '2022-06-15', '2026-06-15', NULL, 0, NULL, '07123456789', 202),
    (9, '2022-04-12', '2023-04-12', NULL, 1, NULL, '08123456789', 203),
    (10, '2022-02-28', '2027-02-28', NULL, 0, 'Agresywny.', '09123456789', 204),
    (11, '2022-07-25', '2024-07-25', NULL, 1, 'Dobrze wspó³pracuje z innymi wiêŸniami.', '10123456789', 205),
    (12, '2022-10-08', '2024-10-08', '2023-10-01', 0, NULL, '11123456789', 206),
    (13, '2022-11-03', '2027-11-03', NULL, 1, 'Bierze aktywny udzia³ w zajêciach.', '12123456789', 301),
    (14, '2022-12-31', '2024-12-31', NULL, 0, NULL, '13123456789', 302),
    (15, '2023-02-14', '2026-02-14', '2024-05-01', 1, NULL, '14123456789', 303),
    (16, '2023-03-09', '2028-03-09', NULL, 0, 'Bierze aktywny udzia³ w zajêciach.', '15123456789', 304),
    (17, '2023-07-22', '2024-07-22', NULL, 1, NULL, '16123456789', 305),
    (18, '2023-05-01', '2027-05-01', NULL, 0, 'Agresywny.', '17123456789', 399),
    (19, '2023-07-18', '2025-07-18', NULL, 1, 'Bierze aktywny udzia³ w zajêciach.', '18123456789', 399),
    (20, '2023-09-26', '2028-09-26', '2026-01-01', 0, NULL, '19123456789', 399);

INSERT INTO Odwiedzajacy (PESEL, Telefon, Miasto, Ulica)
VALUES
	('20123456789', '535213219', 'Bydgoszcz', 'Œmieszna 1'),
    ('21123456789', '111222111', 'Warszawa', 'Marsza³kowska 10'),
    ('22123456789', '444555222', 'Kraków', 'Wawelska 5'),
    ('23123456789', '777888333', '£ódŸ', 'Piotrkowska 18'),
    ('24123456789', '123123444', 'Olsztyn', 'Jagielloñska 7'),
    ('25123456789', '456456555', 'Rzeszów', 'Leœna 23'),
    ('26123456789', '789789666', 'Toruñ', 'Podgórna 10'),
    ('27123456789', '321321777', 'Kielce', 'S³owiañska 15'),
    ('28123456789', '654654888', 'Czêstochowa', 'Brzeziñska 8'),
    ('29123456789', '987987999', 'Radom', 'Klonowa 21'),
    ('30123456789', '111222000', 'Gdañsk', 'D³uga 12'),
    ('31123456789', '444555111', 'Szczecin', 'Zbo¿owa 3'),
    ('32123456789', '777888222', 'Bydgoszcz', 'Wojska Polskiego 9'),
    ('33123456789', '123123333', 'Lublin', 'Krakowskie Przedmieœcie 14'),
    ('34123456789', '456456444', 'Bia³ystok', 'Warszawska 11'),
    ('35123456789', '789789555', 'Katowice', 'Mariacka 26'),
    ('36123456789', '321321666', 'Gdynia', 'Wzgórze Œw. Maksymiliana 33'),
    ('37123456789', '654654777', 'Czêstochowa', 'Aleje Najœwiêtszej Maryi Panny 20'),
    ('38123456789', '987987888', 'Radom', 'Kwiatowa 7'),
    ('39123456789', '111222999', 'Sosnowiec', 'Paderewskiego 4');

INSERT INTO Odwiedziny (ID_odwiedzin, Data_odwiedzin, Godzina, PESEL_odwiedzajacego, ID_pobytu)
VALUES
    (1, '2022-02-18', '10:00', '20123456789', 1),
    (2, '2022-03-03', '14:30', '20123456789', 1),
    (3, '2022-03-18', '15:45', '23123456789', 3),
    (4, '2022-04-08', '11:15', '32123456789', 1),
    (5, '2022-05-23', '09:30', '37123456789', 5),
    (6, '2022-06-21', '16:00', '23123456789', 3),
    (7, '2022-07-03', '13:20', '32123456789', 1),
    (8, '2022-07-06', '11:45', '38123456789', 6),
    (9, '2022-07-15', '14:10', '32123456789', 1),

    (10, '2022-08-01', '12:30', '32123456789', 1),
	(11, '2022-09-12', '10:00', '38123456789', 1),
    (12, '2022-10-04', '14:30', '32123456789', 1),
    (13, '2022-11-18', '15:45', '23123456789', 3),
    (14, '2022-12-07', '11:15', '32123456789', 1),
    (15, '2022-12-20', '09:30', '38123456789', 6),
    (16, '2023-01-03', '16:00', '37123456789', 5),
    (17, '2023-01-04', '13:20', '32123456789', 1),
    (18, '2023-02-01', '11:45', '23123456789', 3),
    (19, '2023-02-15', '14:10', '38123456789', 5),
	(20, '2023-02-15', '16:00', '23123456789', 15),
    (21, '2023-03-23', '12:30', '38123456789', 6);

INSERT INTO Zajecia (ID_zajecia, Nazwa_zajecia, Dzien_tygodnia, Godzina_rozpoczecia, Godzina_zakonczenia)
VALUES
	('SPOPN08', 'Sport', 'Poniedzia³ek', '08:00', '09:00'),
    ('MATPN09', 'Matematyka', 'Poniedzia³ek', '09:00', '10:00'),
    ('INFPN10', 'Informatyka', 'Poniedzia³ek', '10:00', '11:00'),
    ('KULWT14', 'Kultura osobista', 'Wtorek', '14:00', '15:00'),
	('SPOWT16', 'Sport', 'Wtorek', '16:00', '17:00'),
    ('HISWT17', 'Historia', 'Wtorek', '17:00', '18:00'),
    ('MUZWT18', 'Muzyka', 'Wtorek', '18:00', '19:00'),
    ('HISSR11', 'Historia', 'Œroda', '11:00', '12:00'),
    ('KULSR12', 'Kultura osobista', 'Œroda', '12:00', '13:00'),
    ('SPOCZ10', 'Sport', 'Czwartek', '10:00', '11:00'),
    ('KULCZ16', 'Kultura osobista', 'Czwartek', '16:00', '17:00'),
    ('INFCZ20', 'Informatyka', 'Czwartek', '20:00', '21:00'),
    ('PSYPT14', 'Wsparcie psychologiczne', 'Pi¹tek', '14:00', '15:00'),
	('KULPT15', 'Kultura osobista', 'Pi¹tek', '15:00', '16:00'),
    ('HISPT17', 'Historia', 'Pi¹tek', '17:00', '18:00'),
    ('EDUSO13', 'Edukacja podstawowa', 'Sobota', '13:00', '14:00'),
    ('KULSO17', 'Kultura osobista', 'Sobota', '17:00', '18:00'),
    ('SPOSO18', 'Sport', 'Sobota', '18:00', '19:00'),
    ('ZDRND18', 'Zdrowie', 'Niedziela', '18:00', '19:00'),
    ('PSYND20', 'Wsparcie psychologiczne', 'Niedziela', '20:00', '21:00');

INSERT INTO Zajecia_Odbyte (ID_odbytego_zajecia, Data_odbycia, ID_pobytu, ID_zajecia)
VALUES
    (1, '2023-01-02', 1, 'SPOPN08'),
    (2, '2023-01-02', 13, 'MATPN09'),
    (3, '2023-01-02', 13, 'INFPN10'),
    (4, '2023-01-03', 1, 'KULWT14'),
    (5, '2023-01-03', 1, 'HISWT17'),
	(6, '2023-01-03', 13, 'HISWT17'),
    (7, '2023-01-03', 13, 'MUZWT18'),
    (8, '2023-01-04', 6, 'HISSR11'),
    (9, '2023-01-04', 6, 'KULSR12'),
    (10, '2023-02-02', 1, 'SPOCZ10'),
    (11, '2023-02-02', 3, 'KULCZ16'),
    (12, '2023-02-02', 13, 'INFCZ20'),
    (13, '2023-02-03', 13, 'KULPT15'),
    (14, '2023-02-03', 1, 'KULPT15'),
    (15, '2023-02-03', 3, 'KULPT15'),
    (16, '2023-02-04', 3, 'EDUSO13'),
    (17, '2023-02-04', 1, 'KULSO17'),
    (18, '2023-02-04', 3, 'SPOSO18'),
    (19, '2023-02-05', 1, 'ZDRND18'),
    (20, '2023-02-05', 3, 'ZDRND18'),
	(21, '2023-02-09', 5, 'SPOCZ10');

INSERT INTO Wyroki (Sygnatura_akt, Sad, Uzasadnienie, Dlugosc_kary, ID_pobytu)
VALUES
    ('I SA/GD 123/21', 'S¹d Apelacyjny w Gdañsku', 'Kradzie¿ z w³amaniem', 2, 1),
	('I SA/GD 124/21', 'S¹d Apelacyjny w Gdañsku', 'Napaœæ na funkcjonariusza', 1, 1),
    ('III K 23/21', 'S¹d Okrêgowy w Krakowie', 'Rozprowadzanie narkotyków', 5, 2),
    ('II W 78/21', 'S¹d Wojewódzki w Warszawie', 'Przemoc domowa', 2, 3),
    ('IV P 12/22', 'S¹d Rejonowy w Poznaniu', 'Napaœæ na funkcjonariusza', 1, 4),
    ('I WR 245/22', 'S¹d Wojewódzki we Wroc³awiu', 'Kradzie¿ z w³amaniem', 2, 5),
    ('III P 678/22', 'S¹d Okrêgowy w £odzi', 'Rozprowadzanie narkotyków', 5, 6),
    ('II W 901/22', 'S¹d Wojewódzki we Wroc³awiu', 'Fa³szerstwo dokumentów', 3, 7),
	('II W 902/22', 'S¹d Wojewódzki we Wroc³awiu', 'Przestêpstwo skarbowe', 5, 7),
    ('IV G 234/22', 'S¹d Rejonowy w Gdyni', 'Kradzie¿ z u¿yciem broni', 4, 8),
    ('I RR 367/22', 'S¹d Rodzinny w Rzeszowie', 'Napaœæ na funkcjonariusza', 1, 9),
    ('III K 890/22', 'S¹d Okrêgowy w Krakowie', 'Rozprowadzanie narkotyków', 5, 10),
    ('II WR 411/22', 'S¹d Wojewódzki we Wroc³awiu', 'Przemoc domowa', 2, 11),
    ('IV P 823/22', 'S¹d Rejonowy w Poznaniu', 'Przemoc domowa', 2, 12),
    ('I SA/GD 735/22', 'S¹d Apelacyjny w Gdañsku', 'Przestêpstwo skarbowe', 5, 13),
    ('II W 848/22', 'S¹d Wojewódzki w Warszawie', 'Kradzie¿ z w³amaniem', 2, 14),
    ('III K 515/23', 'S¹d Okrêgowy w Krakowie', 'Fa³szerstwo dokumentów', 3, 15),
    ('IV G 666/23', 'S¹d Rejonowy w Gdyni', 'Przestêpstwo skarbowe', 5, 16),
    ('I SR 777/23', 'S¹d Rodzinny w Rzeszowie', 'Napaœæ na funkcjonariusza', 1, 17),
    ('III P 888/23', 'S¹d Okrêgowy w £odzi', 'Kradzie¿ z u¿yciem broni', 4, 18),
    ('II WR 908/23', 'S¹d Wojewódzki we Wroc³awiu', 'Przemoc domowa', 2, 19),
    ('I SA/GD 999/23', 'S¹d Apelacyjny w Gdañsku', 'Rozprowadzanie narkotyków', 5, 20);

INSERT INTO Kary_I_Ograniczenia (ID_kary, Rodzaj, Data_rozpoczecia, Godzina_rozpoczecia, Data_zakonczenia, Godzina_zakonczenia, ID_pobytu)
VALUES
    (1, 'Zakaz wstêpu na si³ow.', '2022-02-20', '14:00', '2022-02-22', '18:00', 4),
    (2, 'Zakaz wstepu - biblio.', '2022-03-05', '10:00', '2022-03-08', '12:00', 4),
    (3, 'Zakaz - pracownia inf.', '2022-03-20', '16:00', '2022-03-23', '19:00', 4),
    (4, 'Zakaz wstepu - biblio.', '2022-04-10', '14:00', '2022-04-12', '16:00', 10),
    (5, 'Zakaz wstêpu na si³ow.', '2022-05-25', '08:00', '2022-05-28', '15:00', 10),
    (6, 'Zakaz wstepu - biblio.', '2022-06-20', '12:00', '2022-06-22', '10:00', 10),
    (7, 'Zakaz wstêpu na si³ow.', '2022-07-02', '08:00', '2022-07-04', '17:00', 10),
    (8, 'Zakaz wstepu - biblio.', '2022-07-05', '10:00', '2022-07-07', '15:00', 5),
    (9, 'Zakaz - pracownia inf.', '2022-07-10', '14:00', '2022-07-12', '19:00', 10),
    (10, 'Zakaz wstêpu na si³ow.', '2022-07-30', '08:00', '2022-08-02', '14:00', 5),
    (11, 'Zakaz wstepu - biblio.', '2022-08-01', '12:00', '2022-08-03', '16:00', 4),
    (12, 'Zakaz wstêpu na si³ow.', '2022-08-08', '16:00', '2022-08-10', '22:00', 10),
    (13, 'Zakaz - pracownia inf.', '2022-08-15', '08:00', '2022-08-16', '10:00', 5),
    (14, 'Zakaz wstêpu na si³ow.', '2022-08-30', '10:00', '2022-09-07', '18:00', 5),
    (15, 'Zakaz wstepu - biblio.', '2022-09-02', '14:00', '2022-09-05', '12:00', 10),
    (16, 'Zakaz wstêpu na si³ow.', '2022-09-17', '12:00', '2022-09-17', '18:00', 4),
    (17, 'Zakaz - pracownia inf.', '2022-09-26', '08:00', '2022-09-27', '16:00', 5),
    (18, 'Zakaz wstepu - biblio.', '2022-10-03', '16:00', '2022-10-04', '12:00', 5),
    (19, 'Zakaz - pracownia inf.', '2022-10-15', '08:00', '2022-10-16', '17:00', 10),
    (20, 'Zakaz wstepu - biblio.', '2022-10-30', '10:00', '2022-11-02', '15:00', 5);

INSERT INTO Przepustki (ID_przepustki, Data_rozpoczecia, Godzina_rozpoczecia, Data_zakonczenia, Godzina_zakonczenia, ID_pobytu)
VALUES
    (1, '2022-02-15', '08:00', '2022-02-16', '18:00', 1),
    (2, '2022-03-01', '08:00', '2022-03-02', '18:00', 1),
    (3, '2022-03-15', '14:00', '2022-03-16', '14:00', 3),
    (4, '2022-04-05', '14:00', '2022-04-07', '14:00', 3),
    (5, '2022-05-20', '08:00', '2022-05-21', '16:00', 1),
    (6, '2022-06-18', '16:00', '2022-06-19', '12:00', 1),
    (7, '2022-06-30', '08:00', '2022-07-01', '17:00', 3),
    (8, '2022-07-01', '10:00', '2022-07-02', '15:00', 3),
    (9, '2022-07-02', '14:00', '2022-07-03', '19:00', 1),
    (10, '2022-07-25', '08:00', '2022-07-26', '14:00', 1),
    (11, '2022-07-26', '12:00', '2022-07-28', '16:00', 3),
    (12, '2022-08-03', '16:00', '2022-08-04', '22:00', 1),
    (13, '2022-08-03', '08:00', '2022-08-04', '10:00', 3),
    (14, '2022-08-17', '10:00', '2022-08-25', '18:00', 1),
    (15, '2022-08-28', '14:00', '2022-09-01', '12:00', 1),
    (16, '2022-09-13', '12:00', '2022-09-13', '18:00', 11),
    (17, '2022-09-22', '08:00', '2022-09-23', '16:00', 11),
    (18, '2022-09-29', '16:00', '2022-09-30', '12:00', 1),
    (19, '2022-10-11', '08:00', '2022-10-12', '17:00', 3),
    (20, '2022-10-26', '10:00', '2022-10-27', '15:00', 3);